"accession","anon.name","samp.group","missing.rate"
"BdTR13f","BR20E07","G044",0.716388206388206
"Adi-9","BR01F12","G031",0.878218673218673
"BdTR13b","BR20F05","G044",0.801572481572482
"Koz-1","BR01F02","G039",0.921351351351351
"BdTR5k","BR02H04","G079",0.918230958230958
"Arn1018","BR02B09","G002",0.917825552825553
"Tek-7","BR03G10","G105",0.961867321867322
"BdTR13i","BR03D12","G041",0.940233415233415
"Bdis03-16","BR19A06","G098",0.752309582309582
"Bdis05-4","BR04C05","G094",0.872063882063882
"Bdis23-1","BR18F12","G025",0.932678132678133
"BdTR10j","BR03B11","G084",0.936179361179361
"BdTR2s","BR02E11","G053",0.91463144963145
"BdTR2d","BR19A09","G050",0.694459459459459
"Bdis23-1","BR20C11","G025",0.878746928746929
"Adi-15","BR01G12","G062",0.921953316953317
"Bdis22-12","BR19F12","G020",0.645159705159705
"BRA-71","BR29G04","G003",0.936007371007371
"BdTR13a","BR18B05","G041",0.931572481572482
"Bdis25-7","BR04F02","G027",0.912972972972973
"Bdis22-3","BR04D02","G026",0.887960687960688
"BdTR2m","BR02E06","G057",0.943329238329238
"Bd18-1","BR18H11","G030",0.93014742014742
"Bd21","BR10H11","G090",0.983992628992629
"Bdis25-10","BR20F08","G010",0.873046683046683
"BdTR9e","BR03A07","G067",0.962948402948403
"Bdis22-9","BR04D08","G021",0.90036855036855
"Tek-5","BR03G08","G103",0.959815724815725
"BdTR2i","BR02E03","G060",0.935085995085995
"Adi-7","BR19D03","G072",0.735823095823096
"Bdis05-2","BR04C03","G096",0.905601965601966
"BdTR5h","BR18D02","G078",0.929029484029484
"Bdis22-11","BR18F11","G005",0.938894348894349
"Gaz-6","BR04A08","G048",0.923574938574939
"BdTR5o","BR18A02","G083",0.928918918918919
"BdTR2s","BR18B09","G061",0.940687960687961
"Koz-3","BR03F10","G047",0.978169533169533
"Koz-2","BR03F09","G039",0.957321867321867
"Bdis05-18","BR18E01","G012",0.923218673218673
"Gaz-4","BR19F02","G045",0.639864864864865
"BdTR12c","BR10D12","G074",0.989459459459459
"BdTR3i","BR19B02","G061",0.892235872235872
"Bdis25-1","BR18E06","G011",0.903697788697789
"BdTR13e","BR03D08","G042",0.925761670761671
"Bdis05-9","BR18C11","G012",0.93027027027027
"BdTR10o","BR03C03","G085",0.952911547911548
"BdTR12c","BR10D08","G048",0.988722358722359
"Bdis22-6","BR20D07","G026",0.858427518427518
"BdTR9i","BR03A10","G068",0.968316953316953
"Bdis31-3","BR04G06","G015",0.921855036855037
"Bdis23-1","BR19G08","G025",0.68477886977887
"BRA-66","BR29H11","G003",0.907088452088452
"BdTR13m","BR03E03","G043",0.903009828009828
"BdTR2a","BR02D07","G055",0.964275184275184
"BdTR2g","BR02E01","G051",0.90541769041769
"Kah-6","BR03F08","G077",0.973427518427518
"Adi-17","BR18E10","G049",0.913697788697789
"BdTR1g","BR02C12","G059",0.95034398034398
"Bd30-1","BR02C05","G005",0.961830466830467
"Bdis23-10","BR04E07","G025",0.901105651105651
"BdTR5n","BR02H06","G079",0.948808353808354
"Adi-16","BR19A12","G088",0.87034398034398
"BdTR7a","BR18A11","G101",0.906203931203931
"BdTR12a","BR03D01","G074",0.959864864864865
"BdTR11c","BR18G09","G082",0.952972972972973
"BdTR2k","BR02E05","G060",0.94953316953317
"Bdis03-8","BR04B11","G099",0.92022113022113
"Bdis31-13","BR18G12","G100",0.985135135135135
"BdTR13k","BR27B03","G080",0.95027027027027
"BdTR5e","BR02G10","G079",0.94041769041769
"BdTR9a","BR18F10","G029",0.963316953316953
"G2-A-1","BR31A07","G052",0.975823095823096
"Adi-11","BR18H09","G069",0.954066339066339
"ABR7","BR02A03","G004",0.955896805896806
"Tek-5","BR18G02","G104",0.944520884520885
"BdTR11d","BR03C07","G081",0.965724815724816
"Lph1-8","BR12H07","G029",0.973685503685504
"BdTR8i","BR20G08","G102",0.940577395577396
"Adi-2","BR19H11","G077",0.87977886977887
"BdTR2e","BR20D05","G053",0.886891891891892
"Arn1","BR20A10","G098",0.895601965601966
"Bdis32-2","BR04H03","G018",0.935601965601966
"BdTR7a","BR02H08","G101",0.966228501228501
"Bdis22-6","BR04D05","G026",0.905810810810811
"BdTR11f","BR20H10","G082",0.883427518427518
"Gaz-7","BR20D10","G045",0.954508599508599
"BRA-65","BR29H07","G003",0.931277641277641
"Bdis32-9","BR04H10","G018",0.955036855036855
"Bdis28-6","BR04F11","G009",0.938267813267813
"BdTR11f","BR03C09","G080",0.971941031941032
"BdTR10d","BR19F06","G085",0.643267813267813
"Bdis25-4","BR04E11","G027",0.921007371007371
"BdTR10k","BR03B12","G084",0.97007371007371
"BdTR10m","BR20H09","G084",0.934570024570025
"Bdis28-10","BR18H03","G009",0.965405405405405
"BdTR10b","BR03B03","G028",0.977604422604423
"Bdis05-17","BR18B12","G012",0.953574938574939
"Bdis05-7","BR18B11","G019",0.962542997542998
"Bdis32-5","BR04H06","G018",0.949422604422604
"Bd1-1","BR10G12","G028",0.995159705159705
"BdTR8n","BR03A03","G102",0.972874692874693
"BdTR1i","BR02D02","G050",0.973955773955774
"BdTR13h","BR03D11","G041",0.977800982800983
"Bdis25-11","BR18A01","G010",0.939385749385749
"BdTR3c","BR02F02","G036",0.977407862407862
"50Spa-Nor-S6D-c4","BR31B10","G097",0.972555282555283
"Bdis22-5","BR20E01","G021",0.825331695331695
"Tek-1","BR03G04","G103",0.977948402948403
"BdTR10d","BR03B05","G084",0.977850122850123
"Bdis03-19","BR18H02","G093",0.974140049140049
"Kah-3","BR03F05","G048",0.980823095823096
"Adi-4","BR01B01","G064",0.935626535626536
"Adi-1","BR01C12","G063",0.987714987714988
"Uni2","BR20G03","G016",0.779189189189189
"BdTR3g","BR02F06","G037",0.969471744471744
"Bdis03-5","BR04B08","G095",0.938648648648649
"Bdis28-4","BR04F09","G008",0.94460687960688
"Pal2032","BR19F07","G013",0.678329238329238
"BdTR3i","BR02F08","G037",0.976486486486487
"BdTR11b","BR03C05","G081",0.975479115479115
"BdTR11c","BR03C06","G082",0.980626535626536
"BdTR5g","BR02G12","G079",0.953869778869779
"BdTR13g","BR03D10","G046",0.976314496314496
"BRA-416","BR28E07","G063",0.952604422604423
"BdTR10g","BR03B08","G084",0.968378378378378
"BdTR13c","BR03D06","G043",0.972444717444717
"Bdis25-2","BR04E09","G010",0.924348894348894
"BdTR3p","BR02G02","G036",0.962813267813268
"Bdis28-1","BR20D11","G008",0.892223587223587
"BdTR8m","BR19H07","G102",0.72546683046683
"BdTR3h","BR02F07","G012",0.983882063882064
"BdTR5c","BR01F01","G079",0.913882063882064
"BdTR13e","BR20F06","G043",0.896437346437346
"Bdis31-1","BR19B06","G014",0.702604422604423
"BdTR11a","BR03C04","G047",0.981965601965602
"BdTR3j","BR02F09","G037",0.939017199017199
"Adi-9","BR02A12","G031",0.94458230958231
"Ald3-5","BR11E03","G029",0.978181818181818
"BdTR3b","BR18B06","G046",0.955614250614251
"Bdis22-4","BR04D03","G013",0.947371007371007
"BdTR2b","BR02D08","G057",0.968144963144963
"BdTR10c","BR20H11","G085",0.906081081081081
"ABR5","BR32F05","G013",0.949717444717445
"Tek-12","BR18B01","G105",0.958427518427518
"Bd18-1","BR15G11","G030",0.963218673218673
"Koz-1","BR04A10","G039",0.854520884520884
"BdTR8i","BR03A01","G102",0.946683046683047
"BdTR13d","BR03D07","G040",0.984287469287469
"Ald3-1","BR11A03","G013",0.971461916461916
"Bdis23-5","BR19C11","G024",0.671314496314496
"Bdis28-8","BR19D09","G007",0.640712530712531
"Bd21-3","BR02C03","G090",0.967100737100737
"BdTR9c","BR03A06","G070",0.955061425061425
"BdTR10a","BR03B02","G083",0.980085995085995
"BdTR9m","BR19B11","G066",0.683759213759214
"Bdis32-7","BR04H08","G018",0.956474201474201
"Tek-9","BR04B02","G103",0.95034398034398
"BdTR5c","BR02G08","G079",0.972248157248157
"BdTR10i","BR19F10","G084",0.658611793611794
"WLE2-2","BR27B02","G028",0.976302211302211
"Bd18-1","BR20A02","G030",0.871461916461917
"BdTR2k","BR20G11","G058",0.929176904176904
"Bdis23-1","BR18C04","G004",0.923759213759214
"Bdis03-2","BR04B05","G098",0.946117936117936
"BdTR9a","BR03A04","G068",0.985651105651106
"Bar1020","BR20B03","G019",0.887923832923833
"Tek-3","BR20C07","G105",0.955970515970516
"Bd21","BR01A01","G092",0.950687960687961
"Bd21","BR19E09","G092",0.676326781326781
"BdTR9g","BR18G07","G068",0.965663390663391
"BdTR3n","BR18F04","G039",0.985724815724816
"Bd3-2","BR18D01","G089",0.942211302211302
"Adi-8","BR02A11","G061",0.971412776412776
"Pal2032","BR03G03","G013",0.982199017199017
"Kah-2","BR20A07","G075",0.881093366093366
"BdTR2n","BR18F09","G049",0.970995085995086
"BdTR9c","BR19D04","G069",0.696068796068796
"BdTR3e","BR02F04","G037",0.977063882063882
"Bdis22-4","BR19F01","G005",0.63004914004914
"BdTR9f","BR01D01","G028",0.977788697788698
"Adi-11","BR02B02","G071",0.973488943488943
"BdTR2j","BR20E08","G059",0.935995085995086
"Bdis03-9","BR20A01","G099",0.912751842751843
"BdTR2c","BR02D09","G052",0.977432432432432
"BdTR5k","BR20G05","G079",0.931216216216216
"Kah-5","BR19E01","G073",0.84504914004914
"BdTR10e","BR19B05","G084",0.630798525798526
"Bdis05-10","BR04C11","G019",0.946597051597052
"Gaz-2","BR03E08","G045",0.949471744471744
"BdTR1d","BR20D06","G058",0.950970515970516
"BdTR3c","BR18G04","G071",0.959963144963145
"Bdis25-4","BR20A03","G027",0.889963144963145
"Bd3-1","BR15A10","G089",0.921818181818182
"BdTR10c","BR03B04","G083",0.979668304668305
"BdTR2o","BR20B04","G057",0.893968058968059
"BdTR8a","BR02H10","G102",0.975552825552826
"Bdis25-1","BR04E08","G011",0.944152334152334
"Mur2-31","BR18A09","G014",0.938808353808354
"Bd21","BR02C02","G088",0.981167076167076
"Adi-7","BR02A10","G071",0.977395577395577
"Bdis25-8","BR04F03","G027",0.962899262899263
"BdTR2r","BR02E10","G052",0.976719901719902
"WLE1-2","BR19D02","G107",0.786486486486486
"Bdis23-5","BR18C07","G040",0.941683046683047
"BdTR5j","BR20C03","G079",0.853710073710074
"Bdis28-9","BR04G02","G008",0.937751842751843
"Bar1020","BR02B10","G019",0.978341523341523
"Adi-3","BR02A08","G072",0.965700245700246
"BRA-69","BR30A10","G003",0.921572481572482
"BdTR13g","BR01A12","G043",0.917751842751843
"BdTR1k","BR20A05","G060",0.91002457002457
"Bdis22-2","BR04D01","G001",0.94027027027027
"Kah-1","BR20F07","G076",0.937727272727273
"BdTR9f","BR03A08","G069",0.973808353808354
"Bdis22-17","BR19G10","G026",0.657407862407862
"BdTR2e","BR02D11","G055",0.968255528255528
"BdTR3o","BR02G01","G079",0.957260442260442
"Bdis32-4","BR04H05","G018",0.952579852579853
"BdTR3k","BR02F10","G036",0.982678132678133
"Bdis32-8","BR04H09","G018",0.962960687960688
"BdTR3m","BR19A04","G035",0.692149877149877
"WLE1-2","BR19D12","G107",0.754312039312039
"BdTR13j","BR18H05","G042",0.975749385749386
"Adi-15","BR02B05","G074",0.977174447174447
"Tek-8","BR03G11","G106",0.987481572481573
"Bdis28-7","BR19A07","G006",0.714508599508599
"BdTR5f","BR02G11","G079",0.972444717444717
"Bd21-3","BR20D01","G090",0.873538083538083
"Bdis03-3","BR04B06","G098",0.952555282555283
"Koz-1","BR19F09","G038",0.633501228501228
"BD-D-2","BR32D04","G042",0.962174447174447
"Adi-8","BR18G03","G062",0.963452088452088
"Bdis23-1","BR20H02","G025",0.890589680589681
"Kah-5","BR01A11","G046",0.976965601965602
"BdTR1m","BR01B12","G058",0.967125307125307
"BdTR12b","BR03D02","G077",0.975429975429975
"Bdis03-1","BR04B04","G099",0.962567567567568
"Mur2-31","BR03G02","G019",0.98514742014742
"Bdis31-9","BR04G12","G014",0.957911547911548
"Bdis03-17","BR19H08","G098",0.693980343980344
"BdTR11h","BR20B01","G082",0.883624078624079
"Tek-3","BR03G06","G105",0.981449631449631
"Bdis31-12","BR20B06","G015",0.899250614250614
"BdTR11g","BR03C10","G082",0.987186732186732
"G1-F-1","BR32C01","G047",0.975675675675676
"BdTR9h","BR20C08","G070",0.939987714987715
"BdTR1e","BR18B08","G050",0.982936117936118
"BdTR5i","BR02H02","G079",0.970995085995086
"BdTR10i","BR03B10","G072",0.987432432432432
"BdTR3e","BR19G11","G034",0.708710073710074
"BdTR2f","BR19D07","G054",0.646044226044226
"BdTR10n","BR03C02","G082",0.970982800982801
"Mig3","BR04A12","G005",0.932800982800983
"Gaz-5","BR03E11","G046",0.988132678132678
"UKR-99-137","BR18H06","G105",0.973796068796069
"BdTR3f","BR02F05","G032",0.980995085995086
"BdTR1c","BR02C08","G049",0.9802457002457
"Bdis23-2","BR04D11","G023",0.945380835380835
"Gaz-3","BR03E09","G005",0.987113022113022
"Tek-6","BR19A03","G106",0.799226044226044
"Bd21","BR18D05","G092",0.964066339066339
"BdTR1f","BR02C11","G059",0.982567567567568
"BdTR2m","BR18B04","G046",0.978673218673219
"Bdis23-3","BR04D12","G023",0.948255528255528
"Bdis31-8","BR04G11","G015",0.962162162162162
"BdTR13k","BR03E02","G041",0.977579852579853
"BdTR3t","BR02G05","G037",0.986031941031941
"Bd18-1","BR02C01","G030",0.977936117936118
"BdTR13n","BR18E12","G042",0.972481572481573
"BdTR12c","BR18A04","G073",0.942542997542998
"BdTR12a","BR19H06","G074",0.682014742014742
"WLE1-2","BR20D09","G107",0.921609336609337
"Bdis05-15","BR18B07","G012",0.981830466830467
"BdTR10o","BR20E02","G086",0.79029484029484
"Bd30-1","BR18F08","G005",0.978476658476658
"Bd3-1","BR18E02","G063",0.963083538083538
"BdTR9j","BR03A11","G068",0.979090909090909
"Kah-4","BR18A07","G077",0.932665847665848
"Bdis05-7","BR04C08","G019",0.944570024570025
"BdTR13b","BR03D05","G042",0.985331695331695
"Adi-10","BR20C01","G063",0.916805896805897
"Bdis28-5","BR04F10","G009",0.951375921375921
"BdTR13f","BR03D09","G061",0.971068796068796
"Kah-4","BR03F06","G063",0.989717444717445
"BdTR5e","BR19G05","G079",0.657727272727273
"BdTR10f","BR20A09","G084",0.939115479115479
"Bdis23-1","BR04D10","G025",0.952285012285012
"BdTR3p","BR19E05","G033",0.652886977886978
"BdTR1g","BR18F05","G055",0.972874692874693
"Gal1","BR04A06","G013",0.928218673218673
"Bd2-4","BR31B08","G087",0.944447174447174
"Bdis28-3","BR04F08","G009",0.95477886977887
"Koz-2","BR18C09","G037",0.946007371007371
"Bd21","BR18D04","G092",0.968599508599509
"Kah-1","BR03F03","G076",0.977960687960688
"Koz-4","BR19C06","G033",0.72017199017199
"BdTR2c","BR20B02","G056",0.920786240786241
"ABR2","BR02A01","G002",0.956363636363636
"Bdis28-7","BR04F12","G006",0.961167076167076
"BdTR2g","BR20A11","G059",0.907751842751843
"Bdis25-5","BR04E12","G019",0.96031941031941
"Bdis28-1","BR04F06","G008",0.956191646191646
"Bd2-7","BR32E02","G081",0.958157248157248
"BdTR8c","BR02H11","G102",0.976326781326781
"Bdis05-11","BR19D08","G012",0.686081081081081
"Bdis22-5","BR04D04","G021",0.942555282555283
"BdTR9m","BR03B01","G068",0.984668304668305
"Bdis23-4","BR04E01","G025",0.947285012285012
"Bdis25-6","BR04F01","G011",0.958722358722359
"Kah-3","BR18H07","G047",0.97963144963145
"Gaz-9","BR03F02","G048",0.988095823095823
"Bdis22-18","BR19F04","G020",0.669029484029484
"BdTR2f","BR02D12","G057",0.981142506142506
"BdTR1b","BR02C07","G059",0.98982800982801
"BdTR1d","BR02C09","G061",0.983366093366093
"BdTR3o","BR19B07","G038",0.67965601965602
"Gaz-8","BR03F01","G090",0.991965601965602
"BdTR9b","BR18B03","G072",0.975503685503685
"Ald3-8","BR11H03","G004",0.984570024570025
"Bdis05-12","BR18E05","G096",0.966400491400491
"Bdis05-1","BR04C02","G012",0.961302211302211
"Bdis05-3","BR04C04","G094",0.940921375921376
"BdTR7b","BR19H03","G101",0.660454545454545
"BdTR1a","BR02C06","G058",0.982899262899263
"BdTR3s","BR02G04","G033",0.983845208845209
"Bdis31-7","BR04G10","G015",0.953562653562654
"Bdis28-2","BR04F07","G007",0.877174447174447
"BdTR3d","BR02F03","G038",0.988046683046683
"BdTR9i","BR18C06","G065",0.94495085995086
"BdTR3t","BR19F05","G036",0.672592137592138
"Bdis31-16","BR20G07","G015",0.948132678132678
"BdTR11h","BR03C11","G004",0.991449631449631
"BdTR11e","BR03C08","G081",0.974054054054054
"Adi-18","BR02B08","G077",0.978083538083538
"Bdis03-14","BR19E11","G095",0.776019656019656
"BdTR11e","BR19F08","G081",0.66977886977887
"Bdis05-9","BR04C10","G012",0.953292383292383
"Kah-2","BR01E01","G092",0.976253071253071
"Bdis03-4","BR04B07","G099",0.957285012285012
"Bdis23-3","BR19E10","G023",0.67041769041769
"Tek-1","BR20E09","G104",0.939287469287469
"BdTR1c","BR19G09","G052",0.64992628992629
"BdTR11g","BR18H10","G082",0.980552825552826
"Bdis23-5","BR04E02","G024",0.951818181818182
"BdTR3s","BR20H06","G034",0.943550368550369
"Bdis22-13","BR20C06","G013",0.947850122850123
"Bdis31-5","BR04G08","G015",0.957874692874693
"Bdis22-1","BR04C12","G001",0.964742014742015
"Bdis22-7","BR04D06","G021",0.949287469287469
"WLE1-2","BR18A12","G107",0.946081081081081
"Tek-9","BR19H04","G104",0.659619164619165
"Adi-13","BR19G12","G082",0.774029484029484
"ABR9","BR02A04","G106",0.976339066339066
"Fls1-6","BR11F12","G105",0.968562653562654
"Bdis22-14","BR19E06","G022",0.744017199017199
"Bdis03-15","BR18D10","G093",0.976461916461916
"BRA-417","BR27C06","G032",0.902383292383292
"Bdis03-6","BR18G05","G017",0.970995085995086
"BdTR3a","BR02E12","G037",0.982800982800983
"Bd21","BR18D07","G091",0.967972972972973
"Cas2","BR04A05","G097",0.939815724815725
"BdTR2o","BR02E08","G054",0.980921375921376
"Bdis03-5","BR20F11","G093",0.836621621621622
"BdTR10k","BR19E02","G083",0.772235872235872
"Kah-5","BR03F07","G073",0.991904176904177
"Bdis23-7","BR04E04","G025",0.918427518427518
"Gaz-6","BR20A04","G048",0.917567567567568
"Gaz-5","BR19B09","G051",0.68492628992629
"Bdis31-1","BR04G04","G014",0.961941031941032
"Bdis05-8","BR04C09","G012",0.941560196560197
"Bdis32-6","BR04H07","G004",0.970945945945946
"Bdis31-4","BR04G07","G015",0.962616707616708
"BdTR1n","BR18E09","G077",0.977088452088452
"BdTR3n","BR02F12","G037",0.983574938574939
"Bdis25-9","BR04F04","G010",0.961769041769042
"Arn1018","BR18B02","G002",0.979410319410319
"Uni2","BR04B03","G016",0.941511056511056
"BdTR5d","BR19C10","G079",0.697788697788698
"Bdis03-6","BR04B09","G017",0.955282555282555
"ABR5","BR18G01","G019",0.972567567567568
"BdTR8f","BR03H11","G100",0.988169533169533
"Mon2","BR19D06","G002",0.687383292383292
"BdTR1m","BR02D05","G052",0.98004914004914
"Gaz-8","BR18F06","G018",0.978402948402948
"BdTR2h","BR19B10","G052",0.699668304668305
"Tek-2","BR03G05","G102",0.986707616707617
"Bdis23-5","BR19G04","G024",0.680159705159705
"BdTR10m","BR03C01","G002",0.987125307125307
"BdTR11i","BR01C02","G029",0.992014742014742
"Gaz-6","BR01E02","G065",0.980712530712531
"ABR3","BR04A01","G022",0.958869778869779
"BdTR5d","BR02G09","G079",0.906007371007371
"Gaz-3","BR18E08","G019",0.967911547911548
"BdTR10h","BR19A08","G085",0.776990171990172
"BdTR9e","BR20E11","G070",0.867542997542998
"BdTR10e","BR03B06","G086",0.984496314496314
"Tek-7","BR19B08","G105",0.676203931203931
"G1-F-1","BR32C08","G061",0.977800982800983
"Bdis22-10","BR20A06","G020",0.922751842751843
"BdTR3b","BR02F01","G035",0.979299754299754
"Kah-6","BR19F11","G075",0.729054054054054
"BdTR5a","BR02G06","G079",0.975184275184275
"Bd2-6","BR32B05","G086",0.950528255528255
"Bdis05-1","BR18E11","G046",0.98029484029484
"Bd21","BR19G06","G092",0.721412776412776
"Adi-6","BR02A09","G077",0.985712530712531
"Bd21-3","BR01E12","G090",0.985601965601966
"Kah-4","BR04A09","G076",0.925110565110565
"Abz1021","BR20D03","G014",0.917125307125307
"BdTR11a","BR19C03","G087",0.753783783783784
"ABR7","BR18A03","G018",0.948009828009828
"Bd3-1","BR02B12","G091",0.985626535626536
"Bdis28-10","BR04G03","G009",0.946891891891892
"Bdis25-10","BR04F05","G010",0.955651105651106
"BdTR11i","BR03C12","G081",0.985884520884521
"Adi-1","BR19E12","G064",0.694029484029484
"BdTR1m","BR19B04","G052",0.703931203931204
"Bdis05-6","BR04C07","G096",0.961990171990172
"Adi-13","BR02B03","G082",0.984889434889435
"Adi-1","BR02A06","G071",0.979299754299754
"Bdis32-10","BR04H11","G018",0.985540540540541
"Ald3-2","BR11B03","G018",0.981855036855037
"BdTR5n","BR18F03","G067",0.977285012285012
"BdTR5b","BR02G07","G046",0.985638820638821
"BRA-418","BR29A02","G088",0.965552825552826
"Gaz-2","BR20E05","G045",0.952542997542998
"Bdis22-10","BR04D09","G020",0.956289926289926
"BdTR2n","BR02E07","G056",0.982444717444717
"BdTR10f","BR03B07","G093",0.989484029484029
"BdTR1n","BR02D06","G052",0.985552825552826
"BdTR5b","BR19C01","G083",0.906216216216216
"BdTR9b","BR03A05","G069",0.983415233415233
"BdTR13o","BR03E05","G042",0.987874692874693
"Bdis23-5","BR20B10","G024",0.956879606879607
"BdTR12c","BR03D03","G074",0.976375921375921
"G1-B-2","BR32C03","G074",0.93995085995086
"Bd18-1","BR20B11","G030",0.955528255528255
"ABR4","BR02A02","G002",0.973955773955774
"Bdis23-5","BR19G07","G024",0.758415233415233
"Bdis25-3","BR04E10","G011",0.964545454545455
"Bdis31-2","BR04G05","G015",0.968083538083538
"Bd2-13","BR31A12","G087",0.96992628992629
"Tek-10","BR19E08","G107",0.733292383292383
"BdTR3f","BR19E04","G038",0.647702702702703
"Adi-2","BR02A07","G066",0.98512285012285
"BdTR5o","BR02H07","G029",0.993230958230958
"BdTR13k","BR18A06","G041",0.961449631449631
"Ald3-6","BR11F03","G004",0.982481572481573
"BdTR1j","BR02D03","G056",0.983599508599509
"BdTR3r","BR02G03","G036",0.981044226044226
"Tek-10","BR03G12","G107",0.988415233415233
"Bdis31-19","BR20D04","G015",0.928587223587224
"BdTR1h","BR02D01","G059",0.978734643734644
"Bdis05-13","BR19A11","G096",0.664668304668305
"BdTR2r","BR19A02","G052",0.833599508599509
"Bdis23-8","BR04E05","G024",0.955638820638821
"Tek-6","BR03G09","G107",0.991535626535627
"BdTR10h","BR03B09","G087",0.991683046683047
"BdTR5m","BR19A05","G079",0.74990171990172
"Adi-16","BR02B06","G078",0.986351351351351
"Adi-14","BR02B04","G077",0.979152334152334
"Abz1021","BR02A05","G019",0.983243243243243
"Kah-2","BR03F04","G083",0.989840294840295
