"samp.group","anon.name","accession","missing.rate"
"G001","BR04D01","Bdis22-2",0.94027027027027
"G002","BR19D06","Mon2",0.687383292383292
"G003","BR29H11","BRA-66",0.907088452088452
"G004","BR18C04","Bdis23-1",0.923759213759214
"G005","BR19F01","Bdis22-4",0.63004914004914
"G006","BR19A07","Bdis28-7",0.714508599508599
"G007","BR19D09","Bdis28-8",0.640712530712531
"G008","BR20D11","Bdis28-1",0.892223587223587
"G009","BR04F11","Bdis28-6",0.938267813267813
"G010","BR20F08","Bdis25-10",0.873046683046683
"G011","BR18E06","Bdis25-1",0.903697788697789
"G012","BR19D08","Bdis05-11",0.686081081081081
"G013","BR19F07","Pal2032",0.678329238329238
"G014","BR19B06","Bdis31-1",0.702604422604423
"G015","BR20B06","Bdis31-12",0.899250614250614
"G016","BR20G03","Uni2",0.779189189189189
"G017","BR04B09","Bdis03-6",0.955282555282555
"G018","BR04H03","Bdis32-2",0.935601965601966
"G019","BR20B03","Bar1020",0.887923832923833
"G020","BR19F12","Bdis22-12",0.645159705159705
"G021","BR20E01","Bdis22-5",0.825331695331695
"G022","BR19E06","Bdis22-14",0.744017199017199
"G023","BR19E10","Bdis23-3",0.67041769041769
"G024","BR19C11","Bdis23-5",0.671314496314496
"G025","BR19G08","Bdis23-1",0.68477886977887
"G026","BR19G10","Bdis22-17",0.657407862407862
"G027","BR20A03","Bdis25-4",0.889963144963145
"G028","BR27B02","WLE2-2",0.976302211302211
"G029","BR18F10","BdTR9a",0.963316953316953
"G030","BR20A02","Bd18-1",0.871461916461917
"G031","BR01F12","Adi-9",0.878218673218673
"G032","BR27C06","BRA-417",0.902383292383292
"G033","BR19E05","BdTR3p",0.652886977886978
"G034","BR19G11","BdTR3e",0.708710073710074
"G035","BR19A04","BdTR3m",0.692149877149877
"G036","BR19F05","BdTR3t",0.672592137592138
"G037","BR02F09","BdTR3j",0.939017199017199
"G038","BR19F09","Koz-1",0.633501228501228
"G039","BR04A10","Koz-1",0.854520884520884
"G040","BR18C07","Bdis23-5",0.941683046683047
"G041","BR18B05","BdTR13a",0.931572481572482
"G042","BR03D08","BdTR13e",0.925761670761671
"G043","BR20F06","BdTR13e",0.896437346437346
"G044","BR20E07","BdTR13f",0.716388206388206
"G045","BR19F02","Gaz-4",0.639864864864865
"G046","BR18B06","BdTR3b",0.955614250614251
"G047","BR32C01","G1-F-1",0.975675675675676
"G048","BR20A04","Gaz-6",0.917567567567568
"G049","BR18E10","Adi-17",0.913697788697789
"G050","BR19A09","BdTR2d",0.694459459459459
"G051","BR19B09","Gaz-5",0.68492628992629
"G052","BR19G09","BdTR1c",0.64992628992629
"G053","BR20D05","BdTR2e",0.886891891891892
"G054","BR19D07","BdTR2f",0.646044226044226
"G055","BR02D07","BdTR2a",0.964275184275184
"G056","BR20B02","BdTR2c",0.920786240786241
"G057","BR20B04","BdTR2o",0.893968058968059
"G058","BR20G11","BdTR2k",0.929176904176904
"G059","BR20A11","BdTR2g",0.907751842751843
"G060","BR20A05","BdTR1k",0.91002457002457
"G061","BR19B02","BdTR3i",0.892235872235872
"G062","BR01G12","Adi-15",0.921953316953317
"G063","BR20C01","Adi-10",0.916805896805897
"G064","BR19E12","Adi-1",0.694029484029484
"G065","BR18C06","BdTR9i",0.94495085995086
"G066","BR19B11","BdTR9m",0.683759213759214
"G067","BR03A07","BdTR9e",0.962948402948403
"G068","BR18G07","BdTR9g",0.965663390663391
"G069","BR19D04","BdTR9c",0.696068796068796
"G070","BR20E11","BdTR9e",0.867542997542998
"G071","BR18G04","BdTR3c",0.959963144963145
"G072","BR19D03","Adi-7",0.735823095823096
"G073","BR19E01","Kah-5",0.84504914004914
"G074","BR19H06","BdTR12a",0.682014742014742
"G075","BR19F11","Kah-6",0.729054054054054
"G076","BR04A09","Kah-4",0.925110565110565
"G077","BR19H11","Adi-2",0.87977886977887
"G078","BR18D02","BdTR5h",0.929029484029484
"G079","BR19G05","BdTR5e",0.657727272727273
"G080","BR27B03","BdTR13k",0.95027027027027
"G081","BR19F08","BdTR11e",0.66977886977887
"G082","BR19G12","Adi-13",0.774029484029484
"G083","BR19E02","BdTR10k",0.772235872235872
"G084","BR19B05","BdTR10e",0.630798525798526
"G085","BR19F06","BdTR10d",0.643267813267813
"G086","BR20E02","BdTR10o",0.79029484029484
"G087","BR19C03","BdTR11a",0.753783783783784
"G088","BR19A12","Adi-16",0.87034398034398
"G089","BR15A10","Bd3-1",0.921818181818182
"G090","BR20D01","Bd21-3",0.873538083538083
"G091","BR18D07","Bd21",0.967972972972973
"G092","BR19E09","Bd21",0.676326781326781
"G093","BR20F11","Bdis03-5",0.836621621621622
"G094","BR04C05","Bdis05-4",0.872063882063882
"G095","BR19E11","Bdis03-14",0.776019656019656
"G096","BR19A11","Bdis05-13",0.664668304668305
"G097","BR04A05","Cas2",0.939815724815725
"G098","BR19H08","Bdis03-17",0.693980343980344
"G099","BR20A01","Bdis03-9",0.912751842751843
"G100","BR18G12","Bdis31-13",0.985135135135135
"G101","BR19H03","BdTR7b",0.660454545454545
"G102","BR19H07","BdTR8m",0.72546683046683
"G103","BR04B02","Tek-9",0.95034398034398
"G104","BR19H04","Tek-9",0.659619164619165
"G105","BR19B08","Tek-7",0.676203931203931
"G106","BR19A03","Tek-6",0.799226044226044
"G107","BR19E08","Tek-10",0.733292383292383
